id,zprime,spacegroup,density,energy,nnp_correction_kjmol_per_molecule,uncertainty,raw_energy,corrected_lattice_energy_kjmol_per_molecule,PBE_energy_kjmol_per_molecule,PBE_lattice_energy_kjmol
ttbi-QR-148-1606-3,6,148,1.2191,-186.8676,515.1049211,169.0790481,32.03212599,328.2373211,-31707.35874,378.4879272
ttbi-QR-148-21690-3,6,148,1.0481,-139.7186,899.7214804,481.1784936,55.94975051,760.0028804,-31800.45373,285.3929381
ttbi-QR-20-15280-3,4,20,0.6836,-85.2197,3.21392209,79.12489694,0.133239855,-82.00577791,-32193.05941,-107.2127476
ttbi-QR-5-17513-3,2,5,0.6942,-95.998,-12.61464136,8.338340575,-0.261483156,-108.6126414,-32201.64261,-115.7959464
ttbi-QR-56-9369-3,8,56,1.1277,-134.3223,-10.39817062,14.3143811,-0.862155774,-144.7204706,-32234.64226,-148.7955966
ttbi-QR-5-8196-3,2,5,1.006,-139.0349,2.88541E+11,4.53326E+11,5981026680,2.88541E+11,-31971.355,114.4916628
ttbi-QR-86-16034-3,8,86,0.9316,-138.1315,522.5191925,2354.467319,43.32424955,384.3876925,-32243.90038,-158.0537165
ttbi-QR-88-2295-3,8,88,1.1008,-84.0548,-13.69653596,10.28665721,-1.135637027,-97.75133596,-32192.54816,-106.7014921
